<?xml version="1.0"?>
<doc>
    <assembly>
        <name>SCE.Core</name>
    </assembly>
    <members>
        <member name="T:SCE.AliasHashTExt`1">
            <summary>
            An extension class of <see cref="T:SCE.AliasHash`1"/> allowing for quick determination of whether this contains an element of a specified type.
            </summary>
        </member>
        <member name="M:SCE.AliasHashTExt`1.#ctor">
            <summary>
            Initializes a new instance of the <see cref="T:SCE.AliasHashTExt`1"/> class.
            </summary>
        </member>
        <member name="M:SCE.AliasHashTExt`1.#ctor(System.Int32)">
            <summary>
            Initializes a new instance of the <see cref="T:SCE.AliasHashTExt`1"/> class.
            </summary>
            <param name="capacity">The initial size.</param>
        </member>
        <member name="M:SCE.AliasHashTExt`1.#ctor(System.Collections.Generic.IEnumerable{`0})">
            <summary>
            Initializes a new instance of the <see cref="T:SCE.AliasHashTExt`1"/> class.
            </summary>
            <param name="collection">The collection of initial elements.</param>
        </member>
        <member name="M:SCE.AliasHashTExt`1.Add(`0)">
            <inheritdoc/>
        </member>
        <member name="M:SCE.AliasHashTExt`1.Remove(`0)">
            <inheritdoc/>
        </member>
        <member name="M:SCE.AliasHashTExt`1.Clear">
            <inheritdoc/>
        </member>
        <member name="M:SCE.AliasHashTExt`1.Contains``1">
            <summary>
            Determines whether the search hash contains a specified type.
            </summary>
            <typeparam name="U">The type to search for.</typeparam>
            <returns><see langword="true"/> if the type is found; otherwise, <see langword="false"/>.</returns>
        </member>
        <member name="M:SCE.AliasHashTExt`1.Contains(System.Type)">
            <summary>
            Determines whether the search hash contains a specified type.
            </summary>
            <param name="type">The type to search for.</param>
            <returns><see langword="true"/> if the type is found; otherwise, <see langword="false"/>.</returns>
        </member>
        <member name="T:SCE.ColorSet">
            <summary>
            A struct storing a foreground and background color.
            </summary>
        </member>
        <member name="M:SCE.ColorSet.#ctor(SCE.SCEColor,SCE.SCEColor)">
            <summary>
            Initializes a new instance of the <see cref="T:SCE.ColorSet"/> struct.
            </summary>
            <param name="fgColor">The foreground <see cref="T:System.Byte"/> color.</param>
            <param name="bgColor">The background <see cref="T:System.Byte"/> color.</param>
        </member>
        <member name="M:SCE.ColorSet.Expose(SCE.SCEColor@,SCE.SCEColor@)">
            <summary>
            Exposes the foreground and background color properties in this instance.
            </summary>
            <param name="fgColor">The foregrorund <see cref="T:System.Byte"/> color.</param>
            <param name="bgColor">The backgrround <see cref="T:System.Byte"/> color.</param>
        </member>
        <member name="T:SCE.DisplayMap">
            <summary>
            A extension class of <see cref="T:SCE.Pixel"/> <see cref="T:SCE.Grid2D`1"/>.
            </summary>
        </member>
        <member name="M:SCE.DisplayMap.#ctor(System.Int32,System.Int32,System.Nullable{SCE.SCEColor})">
            <summary>
            Initializes a new instance of the <see cref="T:SCE.DisplayMap"/> class.
            </summary>
            <param name="width">The width of the display map.</param>
            <param name="height">The height of the display map.</param>
            <param name="bgColor">The default background color to fill with.</param>
        </member>
        <member name="M:SCE.DisplayMap.#ctor(SCE.Vector2Int,System.Nullable{SCE.SCEColor})">
            <summary>
            Initializes a new instance of the <see cref="T:SCE.DisplayMap"/> class.
            </summary>
            <param name="dimensions">The dimensions of the display map.</param>
            <param name="bgColor">The default background color to fill with.</param>
        </member>
        <member name="M:SCE.DisplayMap.#ctor(SCE.Grid2D{SCE.Pixel})">
            <summary>
            Initializes a new instance of the <see cref="T:SCE.DisplayMap"/> class.
            </summary>
            <param name="pixelGrid">The default data.</param>
        </member>
        <member name="M:SCE.DisplayMap.Clone">
            <summary>
            Creates a shallow copy of the <see cref="T:SCE.DisplayMap"/>.
            </summary>
            <returns>A shallow copy of the <see cref="T:SCE.DisplayMap"/>.</returns>
        </member>
        <member name="M:SCE.DisplayMap.MapString(System.String,SCE.Vector2Int,SCE.SCEColor,SCE.SCEColor)">
            <summary>
            Maps a string line at a specified start position.
            </summary>
            <param name="line">The line to map.</param>
            <param name="pos">The starting zero-based position of the line.</param>
            <param name="fgColor">The foreground color to map with.</param>
            <param name="bgColor">The background color to map with (by default transparent).</param>
        </member>
        <member name="M:SCE.DisplayMap.MapString(System.String,SCE.Vector2Int,SCE.ColorSet)">
            <summary>
            Maps a string line at a specified start position.
            </summary>
            <param name="line">The line to map.</param>
            <param name="pos">The starting zero-based position of the line.</param>
            <param name="colorSet">The colors to map with.</param>
        </member>
        <member name="M:SCE.DisplayMap.MapString(System.String,System.Int32,SCE.SCEColor,SCE.SCEColor)">
            <summary>
            Maps a string line at a specified y position. 
            </summary>
            <param name="line">The line to map.</param>
            <param name="y">The starting zero-based y position of the line.</param>
            <param name="fgColor">The foreground color to map with.</param>
            <param name="bgColor">The background color to map with (by default transparent).</param>
        </member>
        <member name="M:SCE.DisplayMap.MapString(System.String,System.Int32,SCE.ColorSet)">
            <summary>
            Maps a string line at a specified y position. 
            </summary>
            <param name="line">The line to map.</param>
            <param name="y">The starting zero-based y position of the line.</param>
            <param name="colors">The colors to map with.</param>
        </member>
        <member name="M:SCE.DisplayMap.PMapTo(SCE.Grid2DView{SCE.Pixel},SCE.Rect2DInt,SCE.Vector2Int)">
            <inheritdoc cref="M:SCE.Grid2D`1.MapTo(SCE.Grid2DView{`0},SCE.Rect2DInt,SCE.Vector2Int)"/>
        </member>
        <member name="M:SCE.DisplayMap.PMapTo(SCE.Grid2DView{SCE.Pixel},SCE.Rect2DInt)">
            <inheritdoc cref="M:SCE.Grid2D`1.MapTo(SCE.Grid2DView{`0},SCE.Rect2DInt)"/>
        </member>
        <member name="M:SCE.DisplayMap.PMapTo(SCE.Grid2DView{SCE.Pixel},SCE.Vector2Int)">
            <inheritdoc cref="M:SCE.Grid2D`1.MapTo(SCE.Grid2DView{`0},SCE.Vector2Int)"/>
        </member>
        <member name="M:SCE.DisplayMap.PMapTo(SCE.Grid2DView{SCE.Pixel})">
            <inheritdoc cref="M:SCE.Grid2D`1.MapTo(SCE.Grid2DView{`0})"/>
        </member>
        <member name="M:SCE.DisplayMap.PMapFrom(SCE.Grid2DView{SCE.Pixel},SCE.Rect2DInt,SCE.Vector2Int)">
            <inheritdoc cref="M:SCE.Grid2D`1.MapFrom(SCE.Grid2DView{`0},SCE.Rect2DInt,SCE.Vector2Int)"/>
        </member>
        <member name="M:SCE.DisplayMap.PMapFrom(SCE.Grid2DView{SCE.Pixel},SCE.Rect2DInt)">
            <inheritdoc cref="M:SCE.Grid2D`1.MapFrom(SCE.Grid2DView{`0},SCE.Rect2DInt)"/>
        </member>
        <member name="M:SCE.DisplayMap.PMapFrom(SCE.Grid2DView{SCE.Pixel},SCE.Vector2Int)">
            <inheritdoc cref="M:SCE.Grid2D`1.MapFrom(SCE.Grid2DView{`0},SCE.Vector2Int)"/>
        </member>
        <member name="M:SCE.DisplayMap.PMapFrom(SCE.Grid2DView{SCE.Pixel})">
            <inheritdoc cref="M:SCE.Grid2D`1.MapFrom(SCE.Grid2DView{`0})"/>
        </member>
        <member name="T:SCE.Grid2D`1">
            <summary>
            A wrapper class of a 2D-array representing a grid with useful functions.
            </summary>
            <typeparam name="T">The type of the elements in the grid.</typeparam>
        </member>
        <member name="M:SCE.Grid2D`1.#ctor(System.Int32,System.Int32)">
            <summary>
            Initializes a new instance of the <see cref="T:SCE.Grid2D`1"/> class.
            </summary>
            <param name="width">The width of the grid.</param>
            <param name="height">The height of the grid.</param>
        </member>
        <member name="M:SCE.Grid2D`1.#ctor(SCE.Vector2Int)">
            <summary>
            Initializes a new instance of the <see cref="T:SCE.Grid2D`1"/> class.
            </summary>
            <param name="dimensions">The dimensions of the grid.</param>
        </member>
        <member name="M:SCE.Grid2D`1.#ctor(`0[0:,0:])">
            <summary>
            Initializes a new instance of the <see cref="T:SCE.Grid2D`1"/> class.
            </summary>
            <param name="data">The default data for the grid.</param>
        </member>
        <member name="M:SCE.Grid2D`1.#ctor(SCE.Grid2D{`0})">
            <summary>
            Initializes a new instance of the <see cref="T:SCE.Grid2D`1"/> class.
            </summary>
            <param name="grid">The default data for the grid.</param>
        </member>
        <member name="P:SCE.Grid2D`1.Width">
            <summary>
            Gets the width of the grid.
            </summary>
        </member>
        <member name="P:SCE.Grid2D`1.Height">
            <summary>
            Gets the height of the grid.
            </summary>
        </member>
        <member name="P:SCE.Grid2D`1.Dimensions">
            <summary>
            Gets the dimensions of the grid as a <see cref="T:SCE.Vector2Int"/>.
            </summary>
            <remarks>
            Dimensions stored as (x:Width, y:Height)
            </remarks>
        </member>
        <member name="F:SCE.Grid2D`1.OnResize">
            <summary>
            Invoked when the size of the grid is changed.
            </summary>
        </member>
        <member name="F:SCE.Grid2D`1.OnClear">
            <summary>
            Invoked when the grid is cleared.
            </summary>
        </member>
        <member name="P:SCE.Grid2D`1.Item(System.Int32,System.Int32)">
            <summary>
            Gets or sets the element at the specified zero-based coordinates.
            </summary>
            <param name="x">The zero-based x coordinate.</param>
            <param name="y">The zero-based y coordinate.</param>
            <returns>The element at the specified zero-based coordinates.</returns>
        </member>
        <member name="P:SCE.Grid2D`1.Item(SCE.Vector2Int)">
            <summary>
            Gets or sets the element at the specified zero-based coordinates.
            </summary>
            <param name="pos">The zero-based <see cref="T:SCE.Vector2Int"/> coordinates.</param>
            <returns>The element at the specified zero-based coordinates.</returns>
        </member>
        <member name="M:SCE.Grid2D`1.GridArea">
            <summary>
            Gets the zero-based area of the grid as a <see cref="T:SCE.Rect2DInt"/>.
            </summary>
        </member>
        <member name="M:SCE.Grid2D`1.Size">
            <summary>
            Return the size of the grid (width * height).
            </summary>
            <returns>The size of the grid.</returns>
        </member>
        <member name="M:SCE.Grid2D`1.Clone">
            <summary>
            Creates a shallow copy of the <see cref="T:SCE.Grid2D`1"/>.
            </summary>
            <returns>A shallow copy of the <see cref="T:SCE.Grid2D`1"/>.</returns>
        </member>
        <member name="M:SCE.Grid2D`1.Contains(System.Int32,System.Int32)">
            <summary>
            Determines whether the specified zero-based coordinates lie within this grid.
            </summary>
            <param name="x">The x coordinate.</param>
            <param name="y">The y coordinate.</param>
            <returns><see langword="true"/> if the specified coordinates lie within this grid; otherwise, <see langword="false"/>.</returns>
        </member>
        <member name="M:SCE.Grid2D`1.Contains(SCE.Vector2Int)">
            <summary>
            Determines whether the specified zero-based coordinates lie within this grid.
            </summary>
            <param name="pos">The <see cref="T:SCE.Vector2Int"/> coordinate.</param>
            <returns><see langword="true"/> if the specified coordinates lie within this grid; otherwise, <see langword="false"/>.</returns>
        </member>
        <member name="M:SCE.Grid2D`1.Fill(System.Func{SCE.Vector2Int,`0},SCE.Rect2DInt)">
            <summary>
            Fills the grid over a specified area <paramref name="area"/>.
            </summary>
            <param name="fill">The function to fill with.</param>
            <param name="area">The area to fill over.</param>
        </member>
        <member name="M:SCE.Grid2D`1.Fill(`0,SCE.Rect2DInt)">
            <summary>
            Fills the grid over a specified area <paramref name="area"/>.
            </summary>
            <param name="value">The item to fill with.</param>
            <param name="area">The area to fill over.</param>
        </member>
        <member name="M:SCE.Grid2D`1.Fill(System.Func{SCE.Vector2Int,`0})">
            <summary>
            Fills the grid.
            </summary>
            <param name="fill">The function to fill with.</param>
        </member>
        <member name="M:SCE.Grid2D`1.Fill(`0)">
            <summary>
            Fills the grid.
            </summary>
            <param name="value">The item to fill with.</param>
        </member>
        <member name="M:SCE.Grid2D`1.EnumerateMapTo(SCE.Grid2DView{`0},SCE.Rect2DInt,SCE.Vector2Int)">
            <summary>
            Enumerates the mapped area <paramref name="dataGridArea"/> of the specified <paramref name="dataGrid"/> onto this grid with a specified offset <paramref name="thisOffset"/>
            </summary>
            <remarks>
            Often used for mapping a small grid (<paramref name="dataGrid"/>) onto a large grid (this grid).
            </remarks>
            <param name="dataGrid">The grid to get elements from.</param>
            <param name="dataGridArea">The area on the <paramref name="dataGrid"/> to get elements from.</param>
            <param name="thisOffset">The offset position on this grid.</param>
        </member>
        <member name="M:SCE.Grid2D`1.MapTo(SCE.Grid2DView{`0},SCE.Rect2DInt,SCE.Vector2Int)">
            <summary>
            Maps the area <paramref name="dataGridArea"/> of the specified <paramref name="dataGrid"/> onto this grid.
            </summary>
            <remarks>
            Often used for mapping a small grid (<paramref name="dataGrid"/>) onto a large grid (this grid).
            </remarks>
            <param name="dataGrid">The grid to get elements from.</param>
            <param name="dataGridArea">The area on the <paramref name="dataGrid"/> to get elements from.</param>
            <param name="thisOffset">The offset position on this grid.</param>
        </member>
        <member name="M:SCE.Grid2D`1.MapTo(SCE.Grid2DView{`0},SCE.Rect2DInt)">
            <inheritdoc cref="M:SCE.Grid2D`1.MapTo(SCE.Grid2DView{`0},SCE.Rect2DInt,SCE.Vector2Int)"/>
        </member>
        <member name="M:SCE.Grid2D`1.MapTo(SCE.Grid2DView{`0},SCE.Vector2Int)">
            <summary>
            Maps the specified <paramref name="dataGrid"/> onto this grid with a specified offset <paramref name="thisOffset"/>.
            </summary>
            <remarks>
            Often used for mapping a small grid (<paramref name="dataGrid"/>) onto a large grid (this grid).
            </remarks>
            <param name="dataGrid">The grid to get elements from.</param>
            <param name="thisOffset">The offset position on this grid.</param>
        </member>
        <member name="M:SCE.Grid2D`1.MapTo(SCE.Grid2DView{`0})">
            <inheritdoc cref="M:SCE.Grid2D`1.MapTo(SCE.Grid2DView{`0},SCE.Vector2Int)"/>
        </member>
        <member name="M:SCE.Grid2D`1.EnumerateMapFrom(SCE.Grid2DView{`0},SCE.Rect2DInt,SCE.Vector2Int)">
            <summary>
            Enumerates the mapped area maps by enumerating the specified area <paramref name="mapArea"/> on this grid from the specified <paramref name="dataGrid"/> with offset <paramref name="dataOffset"/>
            </summary>
            <remarks>
            Often used for mapping a large grid (<paramref name="dataGrid"/>) onto a small grid (this grid).
            </remarks>
            <param name="dataGrid">The grid to get elements from.</param>
            <param name="mapArea">The area on this grid to populate.</param>
            <param name="dataOffset">The offset position on the <paramref name="dataGrid"/>.</param>
        </member>
        <member name="M:SCE.Grid2D`1.MapFrom(SCE.Grid2DView{`0},SCE.Rect2DInt,SCE.Vector2Int)">
            <summary>
            Custom maps by populating the specified area <paramref name="thisArea"/> on this grid from the specified <paramref name="dataGrid"/>.
            </summary>
            <remarks>
            Often used for mapping a large grid (<paramref name="dataGrid"/>) onto a small grid (this grid).
            </remarks>
            <param name="dataGrid">The grid to get elements from.</param>
            <param name="thisArea">The area on this grid to populate.</param>
            <param name="dataOffset">The offset position on the <paramref name="dataGrid"/>.</param>
        </member>
        <member name="M:SCE.Grid2D`1.MapFrom(SCE.Grid2DView{`0},SCE.Rect2DInt)">
            <inheritdoc cref="M:SCE.Grid2D`1.MapFrom(SCE.Grid2DView{`0},SCE.Rect2DInt,SCE.Vector2Int)"/>
        </member>
        <member name="M:SCE.Grid2D`1.MapFrom(SCE.Grid2DView{`0},SCE.Vector2Int)">
            <summary>
            Custom maps by populating this grid from the specified <paramref name="dataGrid"/>.
            </summary>
            <remarks>
            Often used for mapping a large grid (<paramref name="dataGrid"/>) onto a small grid (this grid).
            </remarks>
            <param name="dataGrid">The grid to get elements from.</param>
            <param name="dataOffset">The offset position on the <paramref name="dataGrid"/>.</param>
        </member>
        <member name="M:SCE.Grid2D`1.MapFrom(SCE.Grid2DView{`0})">
            <inheritdoc cref="M:SCE.Grid2D`1.MapFrom(SCE.Grid2DView{`0},SCE.Vector2Int)"/>
        </member>
        <member name="M:SCE.Grid2D`1.CleanResize(System.Int32,System.Int32)">
            <summary>
            Resizes this grid clearing all previous data.
            </summary>
            <param name="width">The new width of the grid.</param>
            <param name="height">The new height of the grid.</param>
        </member>
        <member name="M:SCE.Grid2D`1.CleanResize(SCE.Vector2Int)">
            <summary>
            Resizes this grid clearing all previous data.
            </summary>
            <param name="dimensions">The new dimensions of the grid.</param>
        </member>
        <member name="M:SCE.Grid2D`1.MapResize(System.Int32,System.Int32)">
            <summary>
            Resizes this grid transfering all possible data over.
            </summary>
            <param name="width">The new width of the grid.</param>
            <param name="height">The new height of the grid.</param>
        </member>
        <member name="M:SCE.Grid2D`1.MapResize(SCE.Vector2Int)">
            <summary>
            Resizes this grid transfering all possible data over.
            </summary>
            <param name="dimensions">The new dimensions of the grid.</param>
        </member>
        <member name="M:SCE.Grid2D`1.Clear">
            <summary>
            Clears the contents of the grid.
            </summary>
        </member>
        <member name="T:SCE.KeyMap`2">
            <summary>
            A 2-way dictionary.
            </summary>
            <typeparam name="T">The type of key1.</typeparam>
            <typeparam name="U">The type of key2.</typeparam>
        </member>
        <member name="P:SCE.MatrixF.RotateCW90">
            <summary>
            Clockwise 90 rotation (when Y value increases downwards)
            </summary>
        </member>
        <member name="P:SCE.MatrixF.RotateACW90">
            <summary>
            Anti-clockwise 90 rotation (when Y value increases downwards)
            </summary>
        </member>
        <member name="T:SCE.PathFinder">
            <summary>
            A class for grid-based pathfinding using A* algorithm.
            </summary>
        </member>
        <member name="M:SCE.PathFinder.#ctor(SCE.Rect2DInt,System.Func{SCE.Vector2Int,System.Boolean})">
            <summary>
            Initializes a new instance of the <see cref="T:SCE.PathFinder"/> class.
            </summary>
            <param name="area">The allowed area to path through.</param>
            <param name="collisionFunc">The function determining whether a given position is occupied or not.</param>
        </member>
        <member name="T:SCE.Pixel">
            <summary>
            A struct storing a <see cref="P:SCE.Pixel.Element"/>, and a <see cref="P:SCE.Pixel.FgColor"/> and <see cref="P:SCE.Pixel.BgColor"/> <see cref="T:System.Byte"/> color.
            Used in <see cref="T:SCE.DisplayMap"/> and derived classes to render to the <see cref="T:SCE.Display"/>.
            </summary>
        </member>
        <member name="T:SCE.Rect2D">
            <summary>
            A struct representing a 2D rectangular area defined by start and end corner.
            </summary>
        </member>
        <member name="M:SCE.Rect2D.TrimArea(SCE.Rect2D)">
            <summary>
            Returns the given <paramref name="area"/> trimmed from this instance.
            </summary>
            <param name="area">The area to trim.</param>
            <returns>The given <paramref name="area"/> trimmed from this instance.</returns>
        </member>
        <member name="M:SCE.Rect2D.Bound(SCE.Rect2D)">
            <summary>
            Returns the specified area realigned to be bound inside this area.
            </summary>
            <param name="area">The area to bound inside this area.</param>
            <returns>The specified area realigned to be bound inside this area.</returns>
        </member>
        <member name="T:SCE.Rect2DInt">
            <summary>
            A struct representing a 2D rectangular area defined by start and end corner.
            </summary>
        </member>
        <member name="M:SCE.Rect2DInt.TrimArea(SCE.Rect2DInt)">
            <summary>
            Returns the given <paramref name="area"/> trimmed from this instance.
            </summary>
            <param name="area">The area to trim.</param>
            <returns>The given <paramref name="area"/> trimmed from this instance.</returns>
        </member>
        <member name="M:SCE.Rect2DInt.Bound(SCE.Rect2DInt)">
            <summary>
            Returns the specified area realigned to be bound inside this area.
            </summary>
            <param name="area">The area to bound inside this area.</param>
            <returns>The specified area realigned to be bound inside this area.</returns>
        </member>
        <member name="T:SCE.IScene">
            <summary>
            An interface for classes which receive a start and update calls.
            </summary>
        </member>
        <member name="M:SCE.IScene.Start">
            <summary>
            Called on start.
            </summary>
        </member>
        <member name="T:SCE.IUpdate">
            <summary>
            An interface for classes which receive update calls.
            </summary>
        </member>
        <member name="P:SCE.IUpdate.IsActive">
            <summary>
            Gets or sets a value indicating whether this should receive updates.
            </summary>
        </member>
        <member name="M:SCE.IUpdate.Update">
            <summary>
            Called on update (every frame).
            </summary>
        </member>
        <member name="T:SCE.SceneBase">
            <summary>
            An abstract base class for scenes.
            </summary>
        </member>
        <member name="P:SCE.SceneBase.IsActive">
            <inheritdoc/>
        </member>
        <member name="M:SCE.SceneBase.Start">
            <inheritdoc/>
        </member>
        <member name="M:SCE.SceneBase.Update">
            <inheritdoc/>
        </member>
        <member name="T:SCE.UpdateGroup">
            <summary>
            A class for storing <see cref="T:SCE.IUpdate"/>.
            </summary>
        </member>
        <member name="M:SCE.UpdateGroup.#ctor">
            <summary>
            Initializes a new instance of the <see cref="T:SCE.UpdateGroup"/> class.
            </summary>
        </member>
        <member name="M:SCE.UpdateGroup.#ctor(System.Collections.Generic.IEnumerable{SCE.IUpdate})">
            <summary>
            Initializes a new instance of the <see cref="T:SCE.UpdateGroup"/> class.
            </summary>
            <param name="collection">The collection whose elements are copied to the <see cref="T:SCE.UpdateGroup"/>.</param>
        </member>
        <member name="P:SCE.UpdateGroup.IsActive">
            <inheritdoc/>
        </member>
        <member name="M:SCE.UpdateGroup.Update">
            <inheritdoc/>
        </member>
        <member name="T:SCE.Vector2">
            <summary>
            Representation of floating point 2D vectors.
            </summary>
        </member>
        <member name="M:SCE.Vector2.ReadVectorString(System.String)">
            <summary>
            Bad, do not use.
            </summary>
        </member>
        <member name="T:SCE.Vector2Int">
            <summary>
            Representation of integer 2D vectors.
            </summary>
        </member>
        <member name="M:SCE.Vector2Int.ReadVectorString(System.String)">
            <summary>
            Bad, do not use
            </summary>
        </member>
        <member name="M:SCE.Vector2Int.Rand(SCE.Vector2Int,SCE.Vector2Int)">
            <summary>
            Returns a random vector from the specified min and max vectors.
            </summary>
            <param name="min">The min vector.</param>
            <param name="max">The max vector.</param>
            <returns>A random vector from the specified min and max vectors.</returns>
        </member>
        <member name="M:SCE.Vector2Int.Rand(System.Int32,System.Int32)">
            <summary>
            Returns a random vector from the specified max x and y value.
            </summary>
            <param name="xMax">The maximum x value.</param>
            <param name="yMax">The maximum y value.</param>
            <returns>A random vector from the specified max x and y value.</returns>
        </member>
        <member name="M:SCE.Vector2Int.Rand(SCE.Vector2Int)">
            <summary>
            Returns a random vector from the specified max-range.
            </summary>
            <param name="maxRange">The maximum x value.</param>
            <returns>A random vector from the specified max-range.</returns>
        </member>
        <member name="T:SCE.Display.ResizeType">
            <summary>
            Represents the different resizing modes.
            </summary>
        </member>
        <member name="P:SCE.Display.Instance">
            <summary>
            Gets the singleton instance of this class.
            </summary>
        </member>
        <member name="P:SCE.Display.RenderEngine">
            <summary>
            Gets or sets the 
            </summary>
        </member>
        <member name="P:SCE.Display.ResizeMode">
            <summary>
            Gets or sets the resizing mode.
            </summary>
        </member>
        <member name="P:SCE.Display.CustomDimensions">
            <summary>
            Gets or sets the custom viewport dimensions.
            </summary>
        </member>
        <member name="P:SCE.Display.Width">
            <summary>
            Gets the width of the viewport.
            </summary>
        </member>
        <member name="P:SCE.Display.Height">
            <summary>
            Gets the height of the viewport.
            </summary>
        </member>
        <member name="P:SCE.Display.Dimensions">
            <summary>
            Gets the dimensions of the viewport.
            </summary>
        </member>
        <member name="P:SCE.Display.BasePixel">
            <summary>
            Gets the base pixel used to clear the viewport.
            </summary>
        </member>
        <member name="P:SCE.Display.ClearOnRender">
            <summary>
            Gets or sets a value representing whether the viewport be cleared every frame.
            </summary>
        </member>
        <member name="P:SCE.Display.CropOutOfBounds">
            <summary>
            Gets or sets a value representing whether out of bounds renderables should be ignored.
            </summary>
        </member>
        <member name="F:SCE.Display.OnDisplayResize">
            <summary>
            Action called whenever the display viewport changes.
            </summary>
        </member>
        <member name="M:SCE.Display.ConsoleWindowDimensions">
            <summary>
            Returns the current Console window dimensions.
            </summary>
        </member>
        <member name="M:SCE.Display.Start">
            <inheritdoc/>
        </member>
        <member name="M:SCE.Display.Update">
            <inheritdoc/>
        </member>
        <member name="T:SCE.BMEngine">
            <summary>
            Super fast windows color rendering by directly manipulating the console buffer.
            </summary>
        </member>
        <member name="F:SCE.CCSEngine.DEFAULT_BUFFER_SIZE">
            <summary>
            Represents the default buffer size.
            </summary>
        </member>
        <member name="P:SCE.CCSEngine.DisplayBuffer">
            <summary>
            Gets or sets the side buffer required to prevent side jittering.
            </summary>
        </member>
        <member name="M:SCE.CCSEngine.Render(SCE.DisplayMapView)">
            <inheritdoc/>
        </member>
        <member name="M:SCE.CCSEngine.GetViewportDimensions">
            <inheritdoc/>
        </member>
        <member name="M:SCE.CompatibilityEngine.Render(SCE.DisplayMapView)">
            <inheritdoc/>
        </member>
        <member name="M:SCE.DebugEngine.Render(SCE.DisplayMapView)">
            <inheritdoc/>
        </member>
        <member name="T:SCE.RenderEngine">
            <summary>
            Abstract base class for custom render engines.
            </summary>
        </member>
        <member name="M:SCE.RenderEngine.Render(SCE.DisplayMapView)">
            <summary>
            Renders the built DisplayMap.
            </summary>
        </member>
        <member name="M:SCE.RenderEngine.GetViewportDimensions">
            <summary>
            Sets the viewport dimensions.
            </summary>
        </member>
        <member name="T:SCE.GameHandler">
            <summary>
            Primary update manager for SCE.
            </summary>
        </member>
        <member name="F:SCE.GameHandler.PriorityType.PrioritizeScenes">
            <summary>
            <see cref="T:SCE.IScene"/> updates first.
            </summary>
        </member>
        <member name="F:SCE.GameHandler.PriorityType.PrioritizeUpdates">
            <summary>
            <see cref="T:SCE.IUpdate"/> updates first.
            </summary>
        </member>
        <member name="P:SCE.GameHandler.FPS">
            <summary>
            Gets the average number of frames updated per second. 
            </summary>
            <remarks>
            Update frequency is determined by <see cref="P:SCE.GameHandler.FPSUpdateRate"/>.
            </remarks>
        </member>
        <member name="P:SCE.GameHandler.FPSUpdateRate">
            <summary>
            Gets or sets the update frequency in seconds of the FPS.
            </summary>
        </member>
        <member name="P:SCE.GameHandler.DeltaTime">
            <summary>
            Gets the time in seconds since the last update.
            </summary>
        </member>
        <member name="P:SCE.GameHandler.RealDeltaTime">
            <summary>
            Gets the actual time taken to update the last frame ignoring frame cap waiting time.
            </summary>
        </member>
        <member name="P:SCE.GameHandler.FrameCap">
            <summary>
            Gets or sets the update rate cap in frames per second. 
            </summary>
            <remarks>
            Set to -1 for uncapped update rate.
            </remarks>
        </member>
        <member name="P:SCE.GameHandler.FrameCapped">
            <summary>
            Gets a value indicating whether the update rate has been capped.
            </summary>
        </member>
        <member name="P:SCE.GameHandler.IsActive">
            <summary>
            Gets or sets a value indicating whether gamehandler should update.
            </summary>
        </member>
        <member name="P:SCE.GameHandler.PriorityMode">
            <summary>
            Gets or sets a value indicating whether <see cref="T:SCE.IScene"/> or <see cref="T:SCE.IUpdate"/> should receive updates first.
            </summary>
        </member>
        <member name="M:SCE.GameHandler.Start">
            <summary>
            Calls start before starting up gamehandler thread.
            </summary>
        </member>
        <member name="M:SCE.GameHandler.CallStart">
            <summary>
            Calls start.
            </summary>
        </member>
        <member name="M:SCE.GameHandler.CallUpdate">
            <summary>
            Calls update.
            </summary>
        </member>
        <member name="M:SCE.StartupText.DisplayLicense">
            <summary>
            Displays the software license.
            </summary>
            <remarks>
            This may be removed.
            Note: The original license file must not be removed.
            </remarks>
        </member>
        <member name="M:SCE.StartupText.DisplayPhotosensitivityWarning">
            <summary>
            Displays the photosensitivity warning.
            </summary>
            <remarks>
            This may be removed, but is not recommended.
            </remarks>
        </member>
        <member name="M:SCE.StartupText.DisplayPlatformCompatibilityNotice">
            <summary>
            Displays the platform compatibility notice.
            </summary>
            <remarks>
            This may be removed.
            </remarks>
        </member>
        <member name="P:SCE.IRenderable.IsActive">
            <summary>
            Gets the active state of the renderable.
            </summary>
        </member>
        <member name="P:SCE.IRenderable.Offset">
            <summary>
            Gets the positional offset of the renderable.
            </summary>
        </member>
        <member name="P:SCE.IRenderable.Layer">
            <summary>
            Gets the render layer of the renderable.
            </summary>
        </member>
        <member name="P:SCE.IRenderable.Anchor">
            <summary>
            Gets the render anchor of the renderable.
            </summary>
        </member>
        <member name="M:SCE.IRenderable.GetMapView">
            <summary>
            Gets the displaymap to render.
            </summary>
            <returns>The displaymap to render.</returns>
        </member>
        <member name="P:SCE.UIBase.IsActive">
            <inheritdoc/>
        </member>
        <member name="P:SCE.UIBase.Offset">
            <inheritdoc/>
        </member>
        <member name="P:SCE.UIBase.Layer">
            <inheritdoc/>
        </member>
        <member name="P:SCE.UIBase.Anchor">
            <inheritdoc/>
        </member>
        <member name="M:SCE.UIBase.GetMapView">
            <inheritdoc/>
        </member>
        <member name="P:SCE.UIBaseExt.Width">
            <summary>
            Gets the width.
            </summary>
        </member>
        <member name="P:SCE.UIBaseExt.Height">
            <summary>
            Gets the height.
            </summary>
        </member>
        <member name="P:SCE.UIBaseExt.Dimensions">
            <summary>
            Gets the dimensions.
            </summary>
        </member>
        <member name="M:SCE.UIBaseExt.GetMapView">
            <inheritdoc/>
        </member>
        <member name="M:SCE.FlowTable.GetMapView">
            <inheritdoc/>
        </member>
        <member name="M:SCE.Image.GetMapView">
            <inheritdoc/>
        </member>
        <member name="M:SCE.MsgLine.ToString">
            <inheritdoc/>
        </member>
        <member name="M:SCE.Log.ToString">
            <inheritdoc/>
        </member>
        <member name="M:SCE.OptionSelector.GetMapView">
            <inheritdoc/>
        </member>
        <member name="P:SCE.Translate2DRenderer.RenderFunc">
            <summary>
            Gets or sets the translation function.
            </summary>
            <remarks>
            The position represents the translated position given the render width.
            </remarks>
        </member>
        <member name="P:SCE.Translate2DRenderer.RenderDimensions">
            <summary>
            Gets or sets the expected number of pixels per translation.
            </summary>
        </member>
        <member name="P:SCE.Translate2DRenderer.RenderOnUpdate">
            <summary>
            Gets or sets a value indicating whether rendering should be called automatically by the renderer.
            </summary>
        </member>
        <member name="M:SCE.Translate2DRenderer.Render">
            <summary>
            Renders the translate renderer.
            </summary>
        </member>
        <member name="M:SCE.Translate2DRenderer.GetMapView">
            <inheritdoc/>
        </member>
        <member name="P:SCE.TranslateLineRenderer.RenderFunc">
            <summary>
            Gets or sets the translation function.
            </summary>
            <remarks>
            The position represents the translated position given the render width.
            </remarks>
        </member>
        <member name="P:SCE.TranslateLineRenderer.RenderWidth">
            <summary>
            Gets or sets the expected number of pixels per translation.
            </summary>
        </member>
        <member name="M:SCE.TranslateLineRenderer.Render">
            <summary>
            Renders the translate renderer.
            </summary>
        </member>
        <member name="M:SCE.TranslateLineRenderer.GetMapView">
            <inheritdoc/>
        </member>
        <member name="M:SCE.Viewport.GetMapView">
            <inheritdoc/>
        </member>
        <member name="T:SCE.InputHandler">
            <summary>
            A legacy class for getting and handling inputs stored in <see cref="T:SCE.InputLayer"/>.
            </summary>
        </member>
        <member name="T:SCE.InputLayer">
            <summary>
            A class for storing a list of <see cref="T:SCE.IInputReceiver"/>.
            </summary>
        </member>
        <member name="T:SCE.ColorUtils">
            <summary>
            SCEColor managment class.
            </summary>
        </member>
        <member name="M:SCE.ColorUtils.GetContrast(SCE.SCEColor)">
            <summary>
            Gets the contrasting color of either <see cref="F:SCE.SCEColor.Black"/> or <see cref="F:SCE.SCEColor.White"/> depending on whether the given <paramref name="color"/> is light.
            </summary>
            <param name="color">The color to check.</param>
            <returns><see cref="F:SCE.SCEColor.Black"/> if <paramref name="color"/> is light; otherwise, <see cref="F:SCE.SCEColor.White"/>.</returns>
        </member>
        <member name="M:SCE.ColorUtils.IsLightColor(SCE.SCEColor)">
            <summary>
            Indicates whether the specified real color is a light color.
            </summary>
            <param name="color">The color code to check.</param>
            <returns><see langword="true"/> if the color is light; otherwise, <see langword="false"/>.</returns>
            <exception cref="T:System.ArgumentException">If the specified <paramref name="color"/> transparent.</exception>
        </member>
        <member name="M:SCE.ColorUtils.GetStackColor(SCE.SCEColor,SCE.SCEColor)">
            <summary>
            Gets the correct color for layer stacking respective of color transparency.
            </summary>
            <remarks>
            <i>Note: Only the <paramref name="topColor"/> is checked for transparency.</i>
            </remarks>
            <param name="topColor">The color of the higher layer.</param>
            <param name="bottomColor">The color of the lower layer.</param>
            <returns><paramref name="topColor"/> if it isn't transparent; otherwise, <paramref name="bottomColor"/>.</returns>
        </member>
        <member name="M:SCE.ColorUtils.IsRealColor(SCE.SCEColor)">
            <summary>
            Indicates whether a given color is mappable to a <see cref="T:System.ConsoleColor"/>.
            </summary>
        </member>
        <member name="M:SCE.ColorUtils.ToConsoleColor(SCE.SCEColor)">
            <summary>
            Converts SCEColor to ConsoleColor.
            </summary>
        </member>
        <member name="M:SCE.ColorUtils.SetConsoleColor(SCE.SCEColor,SCE.SCEColor)">
            <summary>
            Sets the Console Foreground and Background color.
            </summary>
        </member>
        <member name="M:SCE.ColorUtils.SetConsoleColor(SCE.ColorSet)">
            <summary>
            Sets the Console Foreground and Background color.
            </summary>
        </member>
        <member name="M:InputSystem.InputEntryV2.LoadKeyInfo(SCE.UISKeyInfo)">
            <inheritdoc/>
        </member>
    </members>
</doc>
